id,system_user_id,created_at,updated_at,title,description,content,active,searchable
1,1,"2022-11-02 15:33:58","2022-11-02 15:35:10","Manual de operações","Este manual explica os procedimentos básicos de operação","<p style=""text-align: justify; ""><span style=""font-size: 18px;"">Lorem ipsum dolor sit amet, consectetur adipiscing elit, sed do eiusmod tempor incididunt ut labore et dolore magna aliqua. Sapien nec sagittis aliquam malesuada bibendum arcu vitae. Quisque egestas diam in arcu cursus euismod quis. Risus nec feugiat in fermentum posuere urna nec tincidunt praesent. At imperdiet dui accumsan sit amet. Est pellentesque elit ullamcorper dignissim cras tincidunt lobortis. Elementum facilisis leo vel fringilla est ullamcorper. Id porta nibh venenatis cras. Viverra orci sagittis eu volutpat odio facilisis mauris sit. Senectus et netus et malesuada fames ac turpis. Sociis natoque penatibus et magnis dis parturient montes. Vel turpis nunc eget lorem dolor sed viverra ipsum nunc. Sed viverra tellus in hac habitasse. Tellus id interdum velit laoreet id donec ultrices tincidunt arcu. Pharetra et ultrices neque ornare aenean euismod elementum. Volutpat blandit aliquam etiam erat velit scelerisque in. Neque aliquam vestibulum morbi blandit cursus risus. Id consectetur purus ut faucibus pulvinar elementum.</span></p><p style=""text-align: justify; ""><br></p>",Y,Y
2,1,"2022-11-02 15:35:04","2022-11-02 15:37:49","Instruções de lançamento","Este manual explica as instruções de lançamento de produto","<p><span style=""font-size: 18px;"">Non curabitur gravida arcu ac tortor dignissim convallis. Nunc scelerisque viverra mauris in aliquam sem fringilla ut morbi. Nunc eget lorem dolor sed viverra. Et odio pellentesque diam volutpat commodo sed egestas. Enim lobortis scelerisque fermentum dui faucibus in ornare quam viverra. Faucibus et molestie ac feugiat. Erat velit scelerisque in dictum non consectetur a erat nam. Quis risus sed vulputate odio ut enim blandit volutpat. Pharetra vel turpis nunc eget lorem dolor sed viverra. Nisl tincidunt eget nullam non nisi est sit. Orci phasellus egestas tellus rutrum tellus pellentesque eu. Et tortor at risus viverra adipiscing at in tellus integer. Risus ultricies tristique nulla aliquet enim. Ac felis donec et odio pellentesque diam volutpat commodo sed. Ut morbi tincidunt augue interdum. Morbi tempus iaculis urna id volutpat.</span></p><p><a href=""index.php?class=SystemWikiView&amp;method=onLoad&amp;key=3"" generator=""adianti"">Sub página de instruções 1</a></p><p><a href=""index.php?class=SystemWikiView&amp;method=onLoad&amp;key=4"" generator=""adianti"">Sub página de instruções 2</a><br><span style=""font-size: 18px;""><br></span><br></p>",Y,Y
3,1,"2022-11-02 15:36:59","2022-11-02 15:37:21","Instruções - sub página 1","Instruções - sub página 1","<p><span style=""font-size: 18px;"">Follow these steps:</span></p><ol><li><span style=""font-size: 18px;"">Lorem ipsum dolor sit amet, consectetur adipiscing elit, sed do eiusmod tempor incididunt ut labore et dolore magna aliqua.</span></li><li><span style=""font-size: 18px;"">Sapien nec sagittis aliquam malesuada bibendum arcu vitae.</span></li><li><span style=""font-size: 18px;"">Quisque egestas diam in arcu cursus euismod quis.</span><br></li></ol>",Y,N
4,1,"2022-11-02 15:37:17","2022-11-02 15:37:22","Instruções - sub página 2","Instruções - sub página 2","<p><span style=""font-size: 18px;"">Follow these steps:</span></p><ol><li><span style=""font-size: 18px;"">Lorem ipsum dolor sit amet, consectetur adipiscing elit, sed do eiusmod tempor incididunt ut labore et dolore magna aliqua.</span></li><li><span style=""font-size: 18px;"">Sapien nec sagittis aliquam malesuada bibendum arcu vitae.</span></li><li><span style=""font-size: 18px;"">Quisque egestas diam in arcu cursus euismod quis.</span></li></ol>",Y,N
